-- sys_system_info
INSERT INTO quartz.sys_system_info (sys_id, sys_name, sys_url, sys_parent_id, sys_path, sys_icon, sys_target, sys_order, comm_cdate, comm_udate, comm_cuser, comm_uuser, comm_delfalg, comm_v1, comm_v2, comm_v3, comm_v4, comm_v5) VALUES ('SYSMM', '系统管理', '/static/layuimini/page/welcome-1.html?t=1', null, '/SYSMM', 'fa fa-address-book', '_self', '1', '2021-11-26', '2021-11-26', 'admin', 'admin', 'N', null, null, null, null, null);
INSERT INTO quartz.sys_system_info (sys_id, sys_name, sys_url, sys_parent_id, sys_path, sys_icon, sys_target, sys_order, comm_cdate, comm_udate, comm_cuser, comm_uuser, comm_delfalg, comm_v1, comm_v2, comm_v3, comm_v4, comm_v5) VALUES ('PLUGIN', '组件管理', '/static/layuimini/page/welcome-1.html?t=1', null, '/PLUGIN', 'fa fa-lemon-o', '_self', '2', '2021-11-26', '2021-11-26', 'admin', 'admin', 'N', null, null, null, null, null);
INSERT INTO quartz.sys_system_info (sys_id, sys_name, sys_url, sys_parent_id, sys_path, sys_icon, sys_target, sys_order, comm_cdate, comm_udate, comm_cuser, comm_uuser, comm_delfalg, comm_v1, comm_v2, comm_v3, comm_v4, comm_v5) VALUES ('OTHER', '其它管理', '/static/layuimini/page/welcome-1.html?t=1', null, '/OTHER', 'fa fa-slideshare', '_self', '3', '2021-11-26', '2021-11-26', 'admin', 'admin', 'N', null, null, null, null, null);
INSERT INTO quartz.sys_system_info (sys_id, sys_name, sys_url, sys_parent_id, sys_path, sys_icon, sys_target, sys_order, comm_cdate, comm_udate, comm_cuser, comm_uuser, comm_delfalg, comm_v1, comm_v2, comm_v3, comm_v4, comm_v5) VALUES ('CESHI1', '测试1', '/static/layuimini/page/welcome-1.html?t=1', null, '/CESHI1', 'fa fa-address-book', '_self', '4', '2021-11-26', '2021-11-26', 'admin', 'admin', 'N', null, null, null, null, null);
INSERT INTO quartz.sys_system_info (sys_id, sys_name, sys_url, sys_parent_id, sys_path, sys_icon, sys_target, sys_order, comm_cdate, comm_udate, comm_cuser, comm_uuser, comm_delfalg, comm_v1, comm_v2, comm_v3, comm_v4, comm_v5) VALUES ('CESHI2', '测试2', '/static/layuimini/page/welcome-1.html?t=1', 'CESHI1', '/CESHI1/CESHI2', 'fa fa-address-book', '_self', '1', '2021-11-26', '2021-11-26', 'admin', 'admin', 'N', null, null, null, null, null);
-- sys_menu_info
INSERT INTO quartz.sys_menu_info (sys_id, menu_id, menu_name, menu_type, menu_icon, menu_url, menu_parent_id, menu_path, menu_order, menu_class, menu_target, comm_cdate, comm_udate, comm_cuser, comm_uuser, comm_delfalg, comm_v1, comm_v2, comm_v3, comm_v4, comm_v5) VALUES ('OTHER', 'OTHER001', '多级菜单', 'menu', 'fa fa-meetup', '#', 'OTHER', '/OTHER001', '1', 'sysMenuService', '', '2021-11-27', null, 'admin', 'admin', 'N', null, null, null, null, null);
INSERT INTO quartz.sys_menu_info (sys_id, menu_id, menu_name, menu_type, menu_icon, menu_url, menu_parent_id, menu_path, menu_order, menu_class, menu_target, comm_cdate, comm_udate, comm_cuser, comm_uuser, comm_delfalg, comm_v1, comm_v2, comm_v3, comm_v4, comm_v5) VALUES ('OTHER', 'OTHER001001', '按钮1', 'menu', 'fa fa-calendar', '/static/layuimini/page/button.html?v=1', 'OTHER001', '/OTHER001/OTHER001001', '1', 'sysMenuService', '_self', '2021-11-27', null, 'admin', 'admin', 'N', null, null, null, null, null);
INSERT INTO quartz.sys_menu_info (sys_id, menu_id, menu_name, menu_type, menu_icon, menu_url, menu_parent_id, menu_path, menu_order, menu_class, menu_target, comm_cdate, comm_udate, comm_cuser, comm_uuser, comm_delfalg, comm_v1, comm_v2, comm_v3, comm_v4, comm_v5) VALUES ('OTHER', 'OTHER001001001', '按钮2', 'menu', 'fa fa-snowflake-o', '/static/layuimini/page/button.html?v=2', 'OTHER001001', '/OTHER001/OTHER001001/OTHER001001001', '1', 'sysMenuService', '_self', '2021-11-27', null, 'admin', 'admin', 'N', null, null, null, null, null);
INSERT INTO quartz.sys_menu_info (sys_id, menu_id, menu_name, menu_type, menu_icon, menu_url, menu_parent_id, menu_path, menu_order, menu_class, menu_target, comm_cdate, comm_udate, comm_cuser, comm_uuser, comm_delfalg, comm_v1, comm_v2, comm_v3, comm_v4, comm_v5) VALUES ('OTHER', 'OTHER001001001001', '按钮3', 'menu', 'fa fa-snowflake-o', '/static/layuimini/page/button.html?v=3', 'OTHER001001001', '/OTHER001/OTHER001001/OTHER001001001/OTHER001001001001', '1', 'sysMenuService', '_self', '2021-11-27', null, 'admin', 'admin', 'N', null, null, null, null, null);
INSERT INTO quartz.sys_menu_info (sys_id, menu_id, menu_name, menu_type, menu_icon, menu_url, menu_parent_id, menu_path, menu_order, menu_class, menu_target, comm_cdate, comm_udate, comm_cuser, comm_uuser, comm_delfalg, comm_v1, comm_v2, comm_v3, comm_v4, comm_v5) VALUES ('OTHER', 'OTHER001001001002', '表单4', 'menu', 'fa fa-calendar', '/static/layuimini/page/form.html?v=1', 'OTHER001001001', '/OTHER001/OTHER001001/OTHER001001001/OTHER001001001002', '2', 'sysMenuService', '_self', '2021-11-27', null, 'admin', 'admin', 'N', null, null, null, null, null);
INSERT INTO quartz.sys_menu_info (sys_id, menu_id, menu_name, menu_type, menu_icon, menu_url, menu_parent_id, menu_path, menu_order, menu_class, menu_target, comm_cdate, comm_udate, comm_cuser, comm_uuser, comm_delfalg, comm_v1, comm_v2, comm_v3, comm_v4, comm_v5) VALUES ('OTHER', 'OTHER002', '失效菜单', 'menu', 'fa fa-superpowers', '/static/layuimini/page/error.html', 'OTHER', '/OTHER002', '2', 'sysMenuService', '_self', '2021-11-27', null, 'admin', 'admin', 'N', null, null, null, null, null);
INSERT INTO quartz.sys_menu_info (sys_id, menu_id, menu_name, menu_type, menu_icon, menu_url, menu_parent_id, menu_path, menu_order, menu_class, menu_target, comm_cdate, comm_udate, comm_cuser, comm_uuser, comm_delfalg, comm_v1, comm_v2, comm_v3, comm_v4, comm_v5) VALUES ('PLUGIN', 'PLUGIN001', '图标列表', 'menu', 'fa fa-dot-circle-o', '/static/layuimini/page/icon.html', 'PLUGIN', '/PLUGIN001', '1', 'sysMenuService', '_self', '2021-11-27', null, 'admin', 'admin', 'N', null, null, null, null, null);
INSERT INTO quartz.sys_menu_info (sys_id, menu_id, menu_name, menu_type, menu_icon, menu_url, menu_parent_id, menu_path, menu_order, menu_class, menu_target, comm_cdate, comm_udate, comm_cuser, comm_uuser, comm_delfalg, comm_v1, comm_v2, comm_v3, comm_v4, comm_v5) VALUES ('PLUGIN', 'PLUGIN002', '图标选择', 'menu', 'fa fa-adn', '/static/layuimini/page/icon-picker.html', 'PLUGIN', '/PLUGIN002', '2', 'sysMenuService', '_self', '2021-11-27', null, 'admin', 'admin', 'N', null, null, null, null, null);
INSERT INTO quartz.sys_menu_info (sys_id, menu_id, menu_name, menu_type, menu_icon, menu_url, menu_parent_id, menu_path, menu_order, menu_class, menu_target, comm_cdate, comm_udate, comm_cuser, comm_uuser, comm_delfalg, comm_v1, comm_v2, comm_v3, comm_v4, comm_v5) VALUES ('PLUGIN', 'PLUGIN003', '颜色选择', 'menu', 'fa fa-dashboard', '/static/layuimini/page/color-select.html', 'PLUGIN', '/PLUGIN003', '3', 'sysMenuService', '_self', '2021-11-27', null, 'admin', 'admin', 'N', null, null, null, null, null);
INSERT INTO quartz.sys_menu_info (sys_id, menu_id, menu_name, menu_type, menu_icon, menu_url, menu_parent_id, menu_path, menu_order, menu_class, menu_target, comm_cdate, comm_udate, comm_cuser, comm_uuser, comm_delfalg, comm_v1, comm_v2, comm_v3, comm_v4, comm_v5) VALUES ('PLUGIN', 'PLUGIN004', '下拉选择', 'menu', 'fa fa-angle-double-down', '/static/layuimini/page/table-select.html', 'PLUGIN', '/PLUGIN004', '4', 'sysMenuService', '_self', '2021-11-27', null, 'admin', 'admin', 'N', null, null, null, null, null);
INSERT INTO quartz.sys_menu_info (sys_id, menu_id, menu_name, menu_type, menu_icon, menu_url, menu_parent_id, menu_path, menu_order, menu_class, menu_target, comm_cdate, comm_udate, comm_cuser, comm_uuser, comm_delfalg, comm_v1, comm_v2, comm_v3, comm_v4, comm_v5) VALUES ('PLUGIN', 'PLUGIN005', '文件上传', 'menu', 'fa fa-arrow-up', '/static/layuimini/page/upload.html', 'PLUGIN', '/PLUGIN005', '5', 'sysMenuService', '_self', '2021-11-27', null, 'admin', 'admin', 'N', null, null, null, null, null);
INSERT INTO quartz.sys_menu_info (sys_id, menu_id, menu_name, menu_type, menu_icon, menu_url, menu_parent_id, menu_path, menu_order, menu_class, menu_target, comm_cdate, comm_udate, comm_cuser, comm_uuser, comm_delfalg, comm_v1, comm_v2, comm_v3, comm_v4, comm_v5) VALUES ('PLUGIN', 'PLUGIN006', '富文本编辑器', 'menu', 'fa fa-edit', '/static/layuimini/page/editor.html', 'PLUGIN', '/PLUGIN006', '6', 'sysMenuService', '_self', '2021-11-27', null, 'admin', 'admin', 'N', null, null, null, null, null);
INSERT INTO quartz.sys_menu_info (sys_id, menu_id, menu_name, menu_type, menu_icon, menu_url, menu_parent_id, menu_path, menu_order, menu_class, menu_target, comm_cdate, comm_udate, comm_cuser, comm_uuser, comm_delfalg, comm_v1, comm_v2, comm_v3, comm_v4, comm_v5) VALUES ('PLUGIN', 'PLUGIN007', '省市县区选择器', 'menu', 'fa fa-rocket', '/static/layuimini/page/area.html', 'PLUGIN', '/PLUGIN007', '7', 'sysMenuService', '_self', '2021-11-27', null, 'admin', 'admin', 'N', null, null, null, null, null);
INSERT INTO quartz.sys_menu_info (sys_id, menu_id, menu_name, menu_type, menu_icon, menu_url, menu_parent_id, menu_path, menu_order, menu_class, menu_target, comm_cdate, comm_udate, comm_cuser, comm_uuser, comm_delfalg, comm_v1, comm_v2, comm_v3, comm_v4, comm_v5) VALUES ('SYSMM', 'SYSMM001', '主页模板', 'menu', 'fa fa-home', '#', 'SYSMM', '/SYSMM001', '1', 'sysMenuService', '_self', '2021-11-27', null, 'admin', 'admin', 'N', null, null, null, null, null);
INSERT INTO quartz.sys_menu_info (sys_id, menu_id, menu_name, menu_type, menu_icon, menu_url, menu_parent_id, menu_path, menu_order, menu_class, menu_target, comm_cdate, comm_udate, comm_cuser, comm_uuser, comm_delfalg, comm_v1, comm_v2, comm_v3, comm_v4, comm_v5) VALUES ('SYSMM', 'SYSMM001001', '主页一', 'menu', 'fa fa-tachometer', '/static/layuimini/page/welcome-1.html', 'SYSMM001', '/SYSMM001/SYSMM001001', '1', 'sysMenuService', '_self', '2021-11-27', null, 'admin', 'admin', 'N', null, null, null, null, null);
INSERT INTO quartz.sys_menu_info (sys_id, menu_id, menu_name, menu_type, menu_icon, menu_url, menu_parent_id, menu_path, menu_order, menu_class, menu_target, comm_cdate, comm_udate, comm_cuser, comm_uuser, comm_delfalg, comm_v1, comm_v2, comm_v3, comm_v4, comm_v5) VALUES ('SYSMM', 'SYSMM001002', '主页二', 'menu', 'fa fa-tachometer', '/static/layuimini/page/welcome-2.html', 'SYSMM001', '/SYSMM001/SYSMM001002', '2', 'sysMenuService', '_self', '2021-11-27', null, 'admin', 'admin', 'N', null, null, null, null, null);
INSERT INTO quartz.sys_menu_info (sys_id, menu_id, menu_name, menu_type, menu_icon, menu_url, menu_parent_id, menu_path, menu_order, menu_class, menu_target, comm_cdate, comm_udate, comm_cuser, comm_uuser, comm_delfalg, comm_v1, comm_v2, comm_v3, comm_v4, comm_v5) VALUES ('SYSMM', 'SYSMM001003', '主页三', 'menu', 'fa fa-tachometer', '/static/layuimini/page/welcome-3.html', 'SYSMM001', '/SYSMM001/SYSMM001003', '3', 'sysMenuService', '_self', '2021-11-27', null, 'admin', 'admin', 'N', null, null, null, null, null);
INSERT INTO quartz.sys_menu_info (sys_id, menu_id, menu_name, menu_type, menu_icon, menu_url, menu_parent_id, menu_path, menu_order, menu_class, menu_target, comm_cdate, comm_udate, comm_cuser, comm_uuser, comm_delfalg, comm_v1, comm_v2, comm_v3, comm_v4, comm_v5) VALUES ('SYSMM', 'SYSMM002', '菜单管理', 'menu', 'fa fa-window-maximize', '/page/sysmm/menu/index', 'SYSMM', '/SYSMM002', '2', 'sysMenuService', '_self', '2021-11-27', null, 'admin', 'admin', 'N', null, null, null, null, null);
INSERT INTO quartz.sys_menu_info (sys_id, menu_id, menu_name, menu_type, menu_icon, menu_url, menu_parent_id, menu_path, menu_order, menu_class, menu_target, comm_cdate, comm_udate, comm_cuser, comm_uuser, comm_delfalg, comm_v1, comm_v2, comm_v3, comm_v4, comm_v5) VALUES ('SYSMM', 'SYSMM003', '系统设置', 'menu', 'fa fa-gears', '/static/layuimini/page/setting.html', 'SYSMM', '/SYSMM003', '3', 'sysMenuService', '_self', '2021-11-27', null, 'admin', 'admin', 'N', null, null, null, null, null);
INSERT INTO quartz.sys_menu_info (sys_id, menu_id, menu_name, menu_type, menu_icon, menu_url, menu_parent_id, menu_path, menu_order, menu_class, menu_target, comm_cdate, comm_udate, comm_cuser, comm_uuser, comm_delfalg, comm_v1, comm_v2, comm_v3, comm_v4, comm_v5) VALUES ('SYSMM', 'SYSMM004', '表格示例', 'menu', 'fa fa-file-text', '/static/layuimini/page/table.html', 'SYSMM', '/SYSMM004', '4', 'sysMenuService', '_self', '2021-11-27', null, 'admin', 'admin', 'N', null, null, null, null, null);
INSERT INTO quartz.sys_menu_info (sys_id, menu_id, menu_name, menu_type, menu_icon, menu_url, menu_parent_id, menu_path, menu_order, menu_class, menu_target, comm_cdate, comm_udate, comm_cuser, comm_uuser, comm_delfalg, comm_v1, comm_v2, comm_v3, comm_v4, comm_v5) VALUES ('SYSMM', 'SYSMM005', '表单示例', 'menu', 'fa fa-calendar', '#', 'SYSMM', '/SYSMM005', '5', 'sysMenuService', '_self', '2021-11-27', null, 'admin', 'admin', 'N', null, null, null, null, null);
INSERT INTO quartz.sys_menu_info (sys_id, menu_id, menu_name, menu_type, menu_icon, menu_url, menu_parent_id, menu_path, menu_order, menu_class, menu_target, comm_cdate, comm_udate, comm_cuser, comm_uuser, comm_delfalg, comm_v1, comm_v2, comm_v3, comm_v4, comm_v5) VALUES ('SYSMM', 'SYSMM005001', '普通表单', 'menu', 'fa fa-list-alt', '/static/layuimini/page/form.html', 'SYSMM005', '/SYSMM005/SYSMM005001', '1', 'sysMenuService', '_self', '2021-11-27', null, 'admin', 'admin', 'N', null, null, null, null, null);
INSERT INTO quartz.sys_menu_info (sys_id, menu_id, menu_name, menu_type, menu_icon, menu_url, menu_parent_id, menu_path, menu_order, menu_class, menu_target, comm_cdate, comm_udate, comm_cuser, comm_uuser, comm_delfalg, comm_v1, comm_v2, comm_v3, comm_v4, comm_v5) VALUES ('SYSMM', 'SYSMM005002', '分步表单', 'menu', 'fa fa-navicon', '/static/layuimini/page/form-step.html', 'SYSMM005', '/SYSMM005/SYSMM005002', '2', 'sysMenuService', '_self', '2021-11-27', null, 'admin', 'admin', 'N', null, null, null, null, null);
INSERT INTO quartz.sys_menu_info (sys_id, menu_id, menu_name, menu_type, menu_icon, menu_url, menu_parent_id, menu_path, menu_order, menu_class, menu_target, comm_cdate, comm_udate, comm_cuser, comm_uuser, comm_delfalg, comm_v1, comm_v2, comm_v3, comm_v4, comm_v5) VALUES ('SYSMM', 'SYSMM006', '登录模板', 'menu', 'fa fa-flag-o', '#', 'SYSMM', '/SYSMM006', '6', 'sysMenuService', '_self', '2021-11-27', null, 'admin', 'admin', 'N', null, null, null, null, null);
INSERT INTO quartz.sys_menu_info (sys_id, menu_id, menu_name, menu_type, menu_icon, menu_url, menu_parent_id, menu_path, menu_order, menu_class, menu_target, comm_cdate, comm_udate, comm_cuser, comm_uuser, comm_delfalg, comm_v1, comm_v2, comm_v3, comm_v4, comm_v5) VALUES ('SYSMM', 'SYSMM006001', '登录-1', 'menu', 'fa fa-stumbleupon-circle', '/static/layuimini/page/login-1.html', 'SYSMM006', '/SYSMM006/SYSMM006001', '1', 'sysMenuService', '_blank', '2021-11-27', null, 'admin', 'admin', 'N', null, null, null, null, null);
INSERT INTO quartz.sys_menu_info (sys_id, menu_id, menu_name, menu_type, menu_icon, menu_url, menu_parent_id, menu_path, menu_order, menu_class, menu_target, comm_cdate, comm_udate, comm_cuser, comm_uuser, comm_delfalg, comm_v1, comm_v2, comm_v3, comm_v4, comm_v5) VALUES ('SYSMM', 'SYSMM006002', '登录-2', 'menu', 'fa fa-viacoin', '/static/layuimini/page/login-2.html', 'SYSMM006', '/SYSMM006/SYSMM006002', '2', 'sysMenuService', '_blank', '2021-11-27', null, 'admin', 'admin', 'N', null, null, null, null, null);
INSERT INTO quartz.sys_menu_info (sys_id, menu_id, menu_name, menu_type, menu_icon, menu_url, menu_parent_id, menu_path, menu_order, menu_class, menu_target, comm_cdate, comm_udate, comm_cuser, comm_uuser, comm_delfalg, comm_v1, comm_v2, comm_v3, comm_v4, comm_v5) VALUES ('SYSMM', 'SYSMM006003', '登录-3', 'menu', 'fa fa-tags', '/static/layuimini/page/login-3.html', 'SYSMM006', '/SYSMM006/SYSMM006003', '3', 'sysMenuService', '_blank', '2021-11-27', null, 'admin', 'admin', 'N', null, null, null, null, null);
INSERT INTO quartz.sys_menu_info (sys_id, menu_id, menu_name, menu_type, menu_icon, menu_url, menu_parent_id, menu_path, menu_order, menu_class, menu_target, comm_cdate, comm_udate, comm_cuser, comm_uuser, comm_delfalg, comm_v1, comm_v2, comm_v3, comm_v4, comm_v5) VALUES ('SYSMM', 'SYSMM007', '异常页面', 'menu', 'fa fa-home', '#', 'SYSMM', '/SYSMM007', '7', 'sysMenuService', '_self', '2021-11-27', null, 'admin', 'admin', 'N', null, null, null, null, null);
INSERT INTO quartz.sys_menu_info (sys_id, menu_id, menu_name, menu_type, menu_icon, menu_url, menu_parent_id, menu_path, menu_order, menu_class, menu_target, comm_cdate, comm_udate, comm_cuser, comm_uuser, comm_delfalg, comm_v1, comm_v2, comm_v3, comm_v4, comm_v5) VALUES ('SYSMM', 'SYSMM007001', '404页面', 'menu', 'fa fa-hourglass-end', '/static/layuimini/page/404.html', 'SYSMM007', '/SYSMM007/SYSMM007001', '1', 'sysMenuService', '_self', '2021-11-27', null, 'admin', 'admin', 'N', null, null, null, null, null);
INSERT INTO quartz.sys_menu_info (sys_id, menu_id, menu_name, menu_type, menu_icon, menu_url, menu_parent_id, menu_path, menu_order, menu_class, menu_target, comm_cdate, comm_udate, comm_cuser, comm_uuser, comm_delfalg, comm_v1, comm_v2, comm_v3, comm_v4, comm_v5) VALUES ('SYSMM', 'SYSMM008', '其它界面', 'menu', 'fa fa-snowflake-o', '#', 'SYSMM', '/SYSMM008', '8', 'sysMenuService', '', '2021-11-27', null, 'admin', 'admin', 'N', null, null, null, null, null);
INSERT INTO quartz.sys_menu_info (sys_id, menu_id, menu_name, menu_type, menu_icon, menu_url, menu_parent_id, menu_path, menu_order, menu_class, menu_target, comm_cdate, comm_udate, comm_cuser, comm_uuser, comm_delfalg, comm_v1, comm_v2, comm_v3, comm_v4, comm_v5) VALUES ('SYSMM', 'SYSMM008001', '按钮示例', 'menu', 'fa fa-snowflake-o', '/static/layuimini/page/button.html', 'SYSMM008', '/SYSMM008/SYSMM008001', '1', 'sysMenuService', '_self', '2021-11-27', null, 'admin', 'admin', 'N', null, null, null, null, null);
INSERT INTO quartz.sys_menu_info (sys_id, menu_id, menu_name, menu_type, menu_icon, menu_url, menu_parent_id, menu_path, menu_order, menu_class, menu_target, comm_cdate, comm_udate, comm_cuser, comm_uuser, comm_delfalg, comm_v1, comm_v2, comm_v3, comm_v4, comm_v5) VALUES ('SYSMM', 'SYSMM008002', '弹出层', 'menu', 'fa fa-shield', '/static/layuimini/page/layer.html', 'SYSMM008', '/SYSMM008/SYSMM008002', '2', 'sysMenuService', '_self', '2021-11-27', null, 'admin', 'admin', 'N', null, null, null, null, null);
-- sys_config_info
INSERT INTO quartz.sys_config_info (item_id, item_val, item_name, item_defval, item_type, item_conf, item_desc, item_group, item_order, item_enable, comm_cdate, comm_udate, comm_cuser, comm_uuser, comm_delfalg, comm_v1, comm_v2, comm_v3, comm_v4, comm_v5) VALUES ('SYS_HOME_PAGE_URL', '/static/layuimini/page/welcome-1.html?t=1', '首页地址', '/page/home/index', 'text', null, '首页跳转地址', '首页配置', '1', 'Y', '2021-11-27', '2021-11-27', 'admin', 'admin', 'N', null, null, null, null, null);
INSERT INTO quartz.sys_config_info (item_id, item_val, item_name, item_defval, item_type, item_conf, item_desc, item_group, item_order, item_enable, comm_cdate, comm_udate, comm_cuser, comm_uuser, comm_delfalg, comm_v1, comm_v2, comm_v3, comm_v4, comm_v5) VALUES ('SYS_HOME_SIDE_ICON', '/static/images/logo.png', '左侧Side图标', '/static/images/logo.png', 'text', null, '左侧上角Side图标', '首页配置', '3', 'Y', '2021-11-27', '2021-11-27', 'admin', 'admin', 'N', null, null, null, null, null);
INSERT INTO quartz.sys_config_info (item_id, item_val, item_name, item_defval, item_type, item_conf, item_desc, item_group, item_order, item_enable, comm_cdate, comm_udate, comm_cuser, comm_uuser, comm_delfalg, comm_v1, comm_v2, comm_v3, comm_v4, comm_v5) VALUES ('SYS_HOME_SIDE_TITLE', 'Quartz', '左侧Side标题', 'Quartz', 'text', null, '左侧上角Side标题', '首页配置', '2', 'Y', '2021-11-27', '2021-11-27', 'admin', 'admin', 'N', null, null, null, null, null);
INSERT INTO quartz.sys_config_info (item_id, item_val, item_name, item_defval, item_type, item_conf, item_desc, item_group, item_order, item_enable, comm_cdate, comm_udate, comm_cuser, comm_uuser, comm_delfalg, comm_v1, comm_v2, comm_v3, comm_v4, comm_v5) VALUES ('SYS_LOGIN_PAGE_TITLE', 'Quartz,欢迎登录！', '登录页标题', 'Quartz,欢迎登录！', 'text', null, '登录页标题', '登录页配置', '1', 'Y', '2021-11-27', '2021-11-27', 'admin', 'admin', 'N', null, null, null, null, null);
INSERT INTO quartz.sys_config_info (item_id, item_name, item_val, item_defval, item_type, item_conf, item_desc, item_group, item_order, item_enable, comm_cdate, comm_udate, comm_cuser, comm_uuser, comm_delfalg, comm_v1, comm_v2, comm_v3, comm_v4, comm_v5) VALUES ('SYS_LICENCE', '系统许可证', 'eyJ0eXAiOiJKV1QiLCJhbGciOiJIUzI1NiJ9.eyJhdWQiOiI9PSM5NTdhY2E3NjUwNTE0NmFlYWYwMWE2ODRjZTM4ZmZjZC5leUpoZFhSb2IzSnBlbUYwYVc5dVRtRnRaU0k2SXVXY3NPZVFnK2Fka1NJc0luUnlhV0ZzUkdGNWN5STZNekFzSW1GMWRHaHZjbWw2WVhScGIyNUVZWFJsSWpvaU1qQXlNUzB4TWkwd015SXNJbUYxZEdodmNtbDZZWFJwYjI1SlpDSTZJamsxTjJGallUYzJOVEExTVRRMllXVmhaakF4WVRZNE5HTmxNemhtWm1Oa0lpd2laWGh3YVhKbFJHRjBaU0k2SWpJd01qSXRNREV0TURJaWZRPT0jPT0ifQ.E7QBtq7lGnEEXdaawlqJKhRUgpXF-CUKaY52o2gsCpA', 'none', 'text', null, '系统许可证', '许可证配置', '1', 'Y', '2021-12-03', '2021-12-03', 'admin', 'admin', 'N', null, null, null, null, null);
INSERT INTO quartz.sys_config_info (item_id, item_name, item_val, item_defval, item_type, item_conf, item_desc, item_group, item_order, item_enable, comm_cdate, comm_udate, comm_cuser, comm_uuser, comm_delfalg, comm_v1, comm_v2, comm_v3, comm_v4, comm_v5) VALUES ('SYS_HOME_OPTIONS_INIURL', '初始化接口', '/home/getHomeInfo', '/home/getHomeInfo', 'text', null, '自定义的初始化接口', 'CUSTOMER配置', '1', 'Y', '2021-11-27', '2021-11-27', 'admin', 'admin', 'N', null, null, null, null, null);
INSERT INTO quartz.sys_config_info (item_id, item_name, item_val, item_defval, item_type, item_conf, item_desc, item_group, item_order, item_enable, comm_cdate, comm_udate, comm_cuser, comm_uuser, comm_delfalg, comm_v1, comm_v2, comm_v3, comm_v4, comm_v5) VALUES ('SYS_HOME_OPTIONS_CLEARURL', '缓存清理接口', '/json/clear.json', '/json/clear.json', 'text', null, '自定义的缓存清理接口', 'CUSTOMER配置', '2', 'Y', '2021-11-27', '2021-11-27', 'admin', 'admin', 'N', null, null, null, null, null);
INSERT INTO quartz.sys_config_info (item_id, item_name, item_val, item_defval, item_type, item_conf, item_desc, item_group, item_order, item_enable, comm_cdate, comm_udate, comm_cuser, comm_uuser, comm_delfalg, comm_v1, comm_v2, comm_v3, comm_v4, comm_v5) VALUES ('SYS_HOME_OPTIONS_URLHASHLOCATION', '是否打开hash定位', 'true', 'true', 'combo', '是:true,否:false', '自定义的是否打开hash定位', 'CUSTOMER配置', '3', 'Y', '2021-11-27', '2021-11-27', 'admin', 'admin', 'N', null, null, null, null, null);
INSERT INTO quartz.sys_config_info (item_id, item_name, item_val, item_defval, item_type, item_conf, item_desc, item_group, item_order, item_enable, comm_cdate, comm_udate, comm_cuser, comm_uuser, comm_delfalg, comm_v1, comm_v2, comm_v3, comm_v4, comm_v5) VALUES ('SYS_HOME_OPTIONS_BGCOLORDEFAULT', '主题默认配置', 'false', 'false', 'combo', '是:true,否:false', '自定义的主题默认配置', 'CUSTOMER配置', '4', 'Y', '2021-11-27', '2021-11-27', 'admin', 'admin', 'N', null, null, null, null, null);
INSERT INTO quartz.sys_config_info (item_id, item_name, item_val, item_defval, item_type, item_conf, item_desc, item_group, item_order, item_enable, comm_cdate, comm_udate, comm_cuser, comm_uuser, comm_delfalg, comm_v1, comm_v2, comm_v3, comm_v4, comm_v5) VALUES ('SYS_HOME_OPTIONS_MULTIMODULE', '是否开启多模块', 'true', 'true', 'combo', '是:true,否:false', '自定义的是否开启多模块', 'CUSTOMER配置', '5', 'Y', '2021-11-27', '2021-11-27', 'admin', 'admin', 'N', null, null, null, null, null);
INSERT INTO quartz.sys_config_info (item_id, item_name, item_val, item_defval, item_type, item_conf, item_desc, item_group, item_order, item_enable, comm_cdate, comm_udate, comm_cuser, comm_uuser, comm_delfalg, comm_v1, comm_v2, comm_v3, comm_v4, comm_v5) VALUES ('SYS_HOME_OPTIONS_MENUCHILDOPEN', '是否默认展开菜单', 'false', 'false', 'combo', '是:true,否:false', '自定义的是否默认展开菜单', 'CUSTOMER配置', '6', 'Y', '2021-11-27', '2021-11-27', 'admin', 'admin', 'N', null, null, null, null, null);
INSERT INTO quartz.sys_config_info (item_id, item_name, item_val, item_defval, item_type, item_conf, item_desc, item_group, item_order, item_enable, comm_cdate, comm_udate, comm_cuser, comm_uuser, comm_delfalg, comm_v1, comm_v2, comm_v3, comm_v4, comm_v5) VALUES ('SYS_HOME_OPTIONS_LOADINGTIME', '初始化加载时间', '0', '0', 'text', null, '自定义的初始化加载时间', 'CUSTOMER配置', '7', 'Y', '2021-11-27', '2021-11-27', 'admin', 'admin', 'N', null, null, null, null, null);
INSERT INTO quartz.sys_config_info (item_id, item_name, item_val, item_defval, item_type, item_conf, item_desc, item_group, item_order, item_enable, comm_cdate, comm_udate, comm_cuser, comm_uuser, comm_delfalg, comm_v1, comm_v2, comm_v3, comm_v4, comm_v5) VALUES ('SYS_HOME_OPTIONS_PAGEANIM', 'iframe窗口动画', 'true', 'true', 'combo', '是:true,否:false', '自定义的iframe窗口动画', 'CUSTOMER配置', '8', 'Y', '2021-11-27', '2021-11-27', 'admin', 'admin', 'N', null, null, null, null, null);
INSERT INTO quartz.sys_config_info (item_id, item_name, item_val, item_defval, item_type, item_conf, item_desc, item_group, item_order, item_enable, comm_cdate, comm_udate, comm_cuser, comm_uuser, comm_delfalg, comm_v1, comm_v2, comm_v3, comm_v4, comm_v5) VALUES ('SYS_HOME_OPTIONS_MAXTABNUM', '最大的tab打开数量', '20', '20', 'text', null, '自定义的最大的tab打开数量', 'CUSTOMER配置', '9', 'Y', '2021-11-27', '2021-11-27', 'admin', 'admin', 'N', null, null, null, null, null);
INSERT INTO quartz.sys_config_info (item_id, item_name, item_val, item_defval, item_type, item_conf, item_desc, item_group, item_order, item_enable, comm_cdate, comm_udate, comm_cuser, comm_uuser, comm_delfalg, comm_v1, comm_v2, comm_v3, comm_v4, comm_v5) VALUES ('SYS_HOME_PAGE_TITLE', '首页窗口标题', 'Quartz管理系统', 'Quartz管理系统', 'text', null, '首页窗口地址', '首页配置', '4', 'Y', '2021-11-27', '2021-11-27', 'admin', 'admin', 'N', null, null, null, null, null);
-- sys_user_info
INSERT INTO quartz.sys_user_info (user_id, user_enname, user_chname, user_password, user_sex, user_birthdate, user_tel, user_email, user_addr, user_is_first, user_login_time, user_error_num, user_is_lock, user_is_onlion, comm_cdate, comm_udate, comm_cuser, comm_uuser, comm_delfalg, comm_v1, comm_v2, comm_v3, comm_v4, comm_v5) VALUES ('admin', 'admin', '管理员', '123456', '男', '9999-12-31', '110', '9999999@email.com', '中国-北京市-朝阳区', 'N', '2021-12-01', '0', 'N', 'N', '2021-12-01', '2021-12-01', 'admin', 'admin', 'N', null, null, null, null, null)
-- sys_role_info
INSERT INTO quartz.sys_role_info (sys_id, role_id, role_name, role_desc, role_time, comm_cdate, comm_udate, comm_cuser, comm_uuser, comm_delfalg, comm_v1, comm_v2, comm_v3, comm_v4, comm_v5) VALUES ('SYSMM', 'SYSMM_ADMIN', '系统管理员', '系统管理员：默认用户Admin', '2021-12-01 00:00:00', '2021-12-01', '2021-12-01', 'admin', 'admin', 'N', null, null, null, null, null);
INSERT INTO quartz.sys_role_info (sys_id, role_id, role_name, role_desc, role_time, comm_cdate, comm_udate, comm_cuser, comm_uuser, comm_delfalg, comm_v1, comm_v2, comm_v3, comm_v4, comm_v5) VALUES ('PLUGIN', 'PLUGIN_ADMIN', '系统管理员', '系统管理员：请给admin授权', '2021-12-01 00:00:00', '2021-12-01', '2021-12-01', 'admin', 'admin', 'N', null, null, null, null, null);
-- sys_permission_info
update sys_menu_info set menu_parent_id = null where sys_id = menu_parent_id;
INSERT INTO quartz.sys_permission_info (sys_id, permission_type, permission_object_id, permission_resource_id, permission_resource_type, permission_time, comm_cdate, comm_udate, comm_cuser, comm_uuser, comm_delfalg, comm_v1, comm_v2, comm_v3, comm_v4, comm_v5) VALUES ('SYSMM', 'role', 'SYSMM_ADMIN', 'SYSMM001', 'menu', '2021-12-05 01:52:24', '2021-12-05', '2021-12-05', 'admin', 'admin', 'N', null, null, null, null, null);
INSERT INTO quartz.sys_permission_info (sys_id, permission_type, permission_object_id, permission_resource_id, permission_resource_type, permission_time, comm_cdate, comm_udate, comm_cuser, comm_uuser, comm_delfalg, comm_v1, comm_v2, comm_v3, comm_v4, comm_v5) VALUES ('SYSMM', 'role', 'SYSMM_ADMIN', 'SYSMM001001', 'menu', '2021-12-05 01:52:24', '2021-12-05', '2021-12-05', 'admin', 'admin', 'N', null, null, null, null, null);
INSERT INTO quartz.sys_permission_info (sys_id, permission_type, permission_object_id, permission_resource_id, permission_resource_type, permission_time, comm_cdate, comm_udate, comm_cuser, comm_uuser, comm_delfalg, comm_v1, comm_v2, comm_v3, comm_v4, comm_v5) VALUES ('SYSMM', 'role', 'SYSMM_ADMIN', 'SYSMM001002', 'menu', '2021-12-05 01:52:24', '2021-12-05', '2021-12-05', 'admin', 'admin', 'N', null, null, null, null, null);
INSERT INTO quartz.sys_permission_info (sys_id, permission_type, permission_object_id, permission_resource_id, permission_resource_type, permission_time, comm_cdate, comm_udate, comm_cuser, comm_uuser, comm_delfalg, comm_v1, comm_v2, comm_v3, comm_v4, comm_v5) VALUES ('SYSMM', 'role', 'SYSMM_ADMIN', 'SYSMM001003', 'menu', '2021-12-05 01:52:24', '2021-12-05', '2021-12-05', 'admin', 'admin', 'N', null, null, null, null, null);
INSERT INTO quartz.sys_permission_info (sys_id, permission_type, permission_object_id, permission_resource_id, permission_resource_type, permission_time, comm_cdate, comm_udate, comm_cuser, comm_uuser, comm_delfalg, comm_v1, comm_v2, comm_v3, comm_v4, comm_v5) VALUES ('SYSMM', 'role', 'SYSMM_ADMIN', 'SYSMM002', 'menu', '2021-12-05 01:52:24', '2021-12-05', '2021-12-05', 'admin', 'admin', 'N', null, null, null, null, null);
INSERT INTO quartz.sys_permission_info (sys_id, permission_type, permission_object_id, permission_resource_id, permission_resource_type, permission_time, comm_cdate, comm_udate, comm_cuser, comm_uuser, comm_delfalg, comm_v1, comm_v2, comm_v3, comm_v4, comm_v5) VALUES ('SYSMM', 'role', 'SYSMM_ADMIN', 'SYSMM003', 'menu', '2021-12-05 01:52:24', '2021-12-05', '2021-12-05', 'admin', 'admin', 'N', null, null, null, null, null);
INSERT INTO quartz.sys_permission_info (sys_id, permission_type, permission_object_id, permission_resource_id, permission_resource_type, permission_time, comm_cdate, comm_udate, comm_cuser, comm_uuser, comm_delfalg, comm_v1, comm_v2, comm_v3, comm_v4, comm_v5) VALUES ('SYSMM', 'role', 'SYSMM_ADMIN', 'SYSMM004', 'menu', '2021-12-05 01:52:24', '2021-12-05', '2021-12-05', 'admin', 'admin', 'N', null, null, null, null, null);
INSERT INTO quartz.sys_permission_info (sys_id, permission_type, permission_object_id, permission_resource_id, permission_resource_type, permission_time, comm_cdate, comm_udate, comm_cuser, comm_uuser, comm_delfalg, comm_v1, comm_v2, comm_v3, comm_v4, comm_v5) VALUES ('SYSMM', 'role', 'SYSMM_ADMIN', 'SYSMM005', 'menu', '2021-12-05 01:52:24', '2021-12-05', '2021-12-05', 'admin', 'admin', 'N', null, null, null, null, null);
INSERT INTO quartz.sys_permission_info (sys_id, permission_type, permission_object_id, permission_resource_id, permission_resource_type, permission_time, comm_cdate, comm_udate, comm_cuser, comm_uuser, comm_delfalg, comm_v1, comm_v2, comm_v3, comm_v4, comm_v5) VALUES ('SYSMM', 'role', 'SYSMM_ADMIN', 'SYSMM005001', 'menu', '2021-12-05 01:52:24', '2021-12-05', '2021-12-05', 'admin', 'admin', 'N', null, null, null, null, null);
INSERT INTO quartz.sys_permission_info (sys_id, permission_type, permission_object_id, permission_resource_id, permission_resource_type, permission_time, comm_cdate, comm_udate, comm_cuser, comm_uuser, comm_delfalg, comm_v1, comm_v2, comm_v3, comm_v4, comm_v5) VALUES ('SYSMM', 'role', 'SYSMM_ADMIN', 'SYSMM005002', 'menu', '2021-12-05 01:52:24', '2021-12-05', '2021-12-05', 'admin', 'admin', 'N', null, null, null, null, null);
INSERT INTO quartz.sys_permission_info (sys_id, permission_type, permission_object_id, permission_resource_id, permission_resource_type, permission_time, comm_cdate, comm_udate, comm_cuser, comm_uuser, comm_delfalg, comm_v1, comm_v2, comm_v3, comm_v4, comm_v5) VALUES ('SYSMM', 'role', 'SYSMM_ADMIN', 'SYSMM006', 'menu', '2021-12-05 01:52:24', '2021-12-05', '2021-12-05', 'admin', 'admin', 'N', null, null, null, null, null);
INSERT INTO quartz.sys_permission_info (sys_id, permission_type, permission_object_id, permission_resource_id, permission_resource_type, permission_time, comm_cdate, comm_udate, comm_cuser, comm_uuser, comm_delfalg, comm_v1, comm_v2, comm_v3, comm_v4, comm_v5) VALUES ('SYSMM', 'role', 'SYSMM_ADMIN', 'SYSMM006001', 'menu', '2021-12-05 01:52:24', '2021-12-05', '2021-12-05', 'admin', 'admin', 'N', null, null, null, null, null);
INSERT INTO quartz.sys_permission_info (sys_id, permission_type, permission_object_id, permission_resource_id, permission_resource_type, permission_time, comm_cdate, comm_udate, comm_cuser, comm_uuser, comm_delfalg, comm_v1, comm_v2, comm_v3, comm_v4, comm_v5) VALUES ('SYSMM', 'role', 'SYSMM_ADMIN', 'SYSMM006002', 'menu', '2021-12-05 01:52:24', '2021-12-05', '2021-12-05', 'admin', 'admin', 'N', null, null, null, null, null);
INSERT INTO quartz.sys_permission_info (sys_id, permission_type, permission_object_id, permission_resource_id, permission_resource_type, permission_time, comm_cdate, comm_udate, comm_cuser, comm_uuser, comm_delfalg, comm_v1, comm_v2, comm_v3, comm_v4, comm_v5) VALUES ('SYSMM', 'role', 'SYSMM_ADMIN', 'SYSMM006003', 'menu', '2021-12-05 01:52:24', '2021-12-05', '2021-12-05', 'admin', 'admin', 'N', null, null, null, null, null);
INSERT INTO quartz.sys_permission_info (sys_id, permission_type, permission_object_id, permission_resource_id, permission_resource_type, permission_time, comm_cdate, comm_udate, comm_cuser, comm_uuser, comm_delfalg, comm_v1, comm_v2, comm_v3, comm_v4, comm_v5) VALUES ('SYSMM', 'role', 'SYSMM_ADMIN', 'SYSMM007', 'menu', '2021-12-05 01:52:24', '2021-12-05', '2021-12-05', 'admin', 'admin', 'N', null, null, null, null, null);
INSERT INTO quartz.sys_permission_info (sys_id, permission_type, permission_object_id, permission_resource_id, permission_resource_type, permission_time, comm_cdate, comm_udate, comm_cuser, comm_uuser, comm_delfalg, comm_v1, comm_v2, comm_v3, comm_v4, comm_v5) VALUES ('SYSMM', 'role', 'SYSMM_ADMIN', 'SYSMM007001', 'menu', '2021-12-05 01:52:24', '2021-12-05', '2021-12-05', 'admin', 'admin', 'N', null, null, null, null, null);
INSERT INTO quartz.sys_permission_info (sys_id, permission_type, permission_object_id, permission_resource_id, permission_resource_type, permission_time, comm_cdate, comm_udate, comm_cuser, comm_uuser, comm_delfalg, comm_v1, comm_v2, comm_v3, comm_v4, comm_v5) VALUES ('SYSMM', 'role', 'SYSMM_ADMIN', 'SYSMM008', 'menu', '2021-12-05 01:52:24', '2021-12-05', '2021-12-05', 'admin', 'admin', 'N', null, null, null, null, null);
INSERT INTO quartz.sys_permission_info (sys_id, permission_type, permission_object_id, permission_resource_id, permission_resource_type, permission_time, comm_cdate, comm_udate, comm_cuser, comm_uuser, comm_delfalg, comm_v1, comm_v2, comm_v3, comm_v4, comm_v5) VALUES ('SYSMM', 'role', 'SYSMM_ADMIN', 'SYSMM008001', 'menu', '2021-12-05 01:52:24', '2021-12-05', '2021-12-05', 'admin', 'admin', 'N', null, null, null, null, null);
INSERT INTO quartz.sys_permission_info (sys_id, permission_type, permission_object_id, permission_resource_id, permission_resource_type, permission_time, comm_cdate, comm_udate, comm_cuser, comm_uuser, comm_delfalg, comm_v1, comm_v2, comm_v3, comm_v4, comm_v5) VALUES ('SYSMM', 'role', 'SYSMM_ADMIN', 'SYSMM008002', 'menu', '2021-12-05 01:52:24', '2021-12-05', '2021-12-05', 'admin', 'admin', 'N', null, null, null, null, null);
INSERT INTO quartz.sys_permission_info (sys_id, permission_type, permission_object_id, permission_resource_id, permission_resource_type, permission_time, comm_cdate, comm_udate, comm_cuser, comm_uuser, comm_delfalg, comm_v1, comm_v2, comm_v3, comm_v4, comm_v5) VALUES ('SYSMM', 'user', 'admin', 'SYSMM001', 'menu', '2021-12-05 01:52:24', '2021-12-05', '2021-12-05', 'admin', 'admin', 'N', null, null, null, null, null);
INSERT INTO quartz.sys_permission_info (sys_id, permission_type, permission_object_id, permission_resource_id, permission_resource_type, permission_time, comm_cdate, comm_udate, comm_cuser, comm_uuser, comm_delfalg, comm_v1, comm_v2, comm_v3, comm_v4, comm_v5) VALUES ('SYSMM', 'user', 'admin', 'SYSMM001001', 'menu', '2021-12-05 01:52:24', '2021-12-05', '2021-12-05', 'admin', 'admin', 'N', null, null, null, null, null);
INSERT INTO quartz.sys_permission_info (sys_id, permission_type, permission_object_id, permission_resource_id, permission_resource_type, permission_time, comm_cdate, comm_udate, comm_cuser, comm_uuser, comm_delfalg, comm_v1, comm_v2, comm_v3, comm_v4, comm_v5) VALUES ('SYSMM', 'user', 'admin', 'SYSMM001002', 'menu', '2021-12-05 01:52:24', '2021-12-05', '2021-12-05', 'admin', 'admin', 'N', null, null, null, null, null);
INSERT INTO quartz.sys_permission_info (sys_id, permission_type, permission_object_id, permission_resource_id, permission_resource_type, permission_time, comm_cdate, comm_udate, comm_cuser, comm_uuser, comm_delfalg, comm_v1, comm_v2, comm_v3, comm_v4, comm_v5) VALUES ('SYSMM', 'user', 'admin', 'SYSMM001003', 'menu', '2021-12-05 01:52:24', '2021-12-05', '2021-12-05', 'admin', 'admin', 'N', null, null, null, null, null);
INSERT INTO quartz.sys_permission_info (sys_id, permission_type, permission_object_id, permission_resource_id, permission_resource_type, permission_time, comm_cdate, comm_udate, comm_cuser, comm_uuser, comm_delfalg, comm_v1, comm_v2, comm_v3, comm_v4, comm_v5) VALUES ('SYSMM', 'user', 'admin', 'SYSMM002', 'menu', '2021-12-05 01:52:24', '2021-12-05', '2021-12-05', 'admin', 'admin', 'N', null, null, null, null, null);
INSERT INTO quartz.sys_permission_info (sys_id, permission_type, permission_object_id, permission_resource_id, permission_resource_type, permission_time, comm_cdate, comm_udate, comm_cuser, comm_uuser, comm_delfalg, comm_v1, comm_v2, comm_v3, comm_v4, comm_v5) VALUES ('SYSMM', 'user', 'admin', 'SYSMM003', 'menu', '2021-12-05 01:52:24', '2021-12-05', '2021-12-05', 'admin', 'admin', 'N', null, null, null, null, null);
INSERT INTO quartz.sys_permission_info (sys_id, permission_type, permission_object_id, permission_resource_id, permission_resource_type, permission_time, comm_cdate, comm_udate, comm_cuser, comm_uuser, comm_delfalg, comm_v1, comm_v2, comm_v3, comm_v4, comm_v5) VALUES ('SYSMM', 'user', 'admin', 'SYSMM004', 'menu', '2021-12-05 01:52:24', '2021-12-05', '2021-12-05', 'admin', 'admin', 'N', null, null, null, null, null);
INSERT INTO quartz.sys_permission_info (sys_id, permission_type, permission_object_id, permission_resource_id, permission_resource_type, permission_time, comm_cdate, comm_udate, comm_cuser, comm_uuser, comm_delfalg, comm_v1, comm_v2, comm_v3, comm_v4, comm_v5) VALUES ('SYSMM', 'user', 'admin', 'SYSMM005', 'menu', '2021-12-05 01:52:24', '2021-12-05', '2021-12-05', 'admin', 'admin', 'N', null, null, null, null, null);
INSERT INTO quartz.sys_permission_info (sys_id, permission_type, permission_object_id, permission_resource_id, permission_resource_type, permission_time, comm_cdate, comm_udate, comm_cuser, comm_uuser, comm_delfalg, comm_v1, comm_v2, comm_v3, comm_v4, comm_v5) VALUES ('SYSMM', 'user', 'admin', 'SYSMM005001', 'menu', '2021-12-05 01:52:24', '2021-12-05', '2021-12-05', 'admin', 'admin', 'N', null, null, null, null, null);
INSERT INTO quartz.sys_permission_info (sys_id, permission_type, permission_object_id, permission_resource_id, permission_resource_type, permission_time, comm_cdate, comm_udate, comm_cuser, comm_uuser, comm_delfalg, comm_v1, comm_v2, comm_v3, comm_v4, comm_v5) VALUES ('SYSMM', 'user', 'admin', 'SYSMM005002', 'menu', '2021-12-05 01:52:24', '2021-12-05', '2021-12-05', 'admin', 'admin', 'N', null, null, null, null, null);
INSERT INTO quartz.sys_permission_info (sys_id, permission_type, permission_object_id, permission_resource_id, permission_resource_type, permission_time, comm_cdate, comm_udate, comm_cuser, comm_uuser, comm_delfalg, comm_v1, comm_v2, comm_v3, comm_v4, comm_v5) VALUES ('SYSMM', 'user', 'admin', 'SYSMM006', 'menu', '2021-12-05 01:52:24', '2021-12-05', '2021-12-05', 'admin', 'admin', 'N', null, null, null, null, null);
INSERT INTO quartz.sys_permission_info (sys_id, permission_type, permission_object_id, permission_resource_id, permission_resource_type, permission_time, comm_cdate, comm_udate, comm_cuser, comm_uuser, comm_delfalg, comm_v1, comm_v2, comm_v3, comm_v4, comm_v5) VALUES ('SYSMM', 'user', 'admin', 'SYSMM006001', 'menu', '2021-12-05 01:52:24', '2021-12-05', '2021-12-05', 'admin', 'admin', 'N', null, null, null, null, null);
INSERT INTO quartz.sys_permission_info (sys_id, permission_type, permission_object_id, permission_resource_id, permission_resource_type, permission_time, comm_cdate, comm_udate, comm_cuser, comm_uuser, comm_delfalg, comm_v1, comm_v2, comm_v3, comm_v4, comm_v5) VALUES ('SYSMM', 'user', 'admin', 'SYSMM006002', 'menu', '2021-12-05 01:52:24', '2021-12-05', '2021-12-05', 'admin', 'admin', 'N', null, null, null, null, null);
INSERT INTO quartz.sys_permission_info (sys_id, permission_type, permission_object_id, permission_resource_id, permission_resource_type, permission_time, comm_cdate, comm_udate, comm_cuser, comm_uuser, comm_delfalg, comm_v1, comm_v2, comm_v3, comm_v4, comm_v5) VALUES ('SYSMM', 'user', 'admin', 'SYSMM006003', 'menu', '2021-12-05 01:52:24', '2021-12-05', '2021-12-05', 'admin', 'admin', 'N', null, null, null, null, null);
INSERT INTO quartz.sys_permission_info (sys_id, permission_type, permission_object_id, permission_resource_id, permission_resource_type, permission_time, comm_cdate, comm_udate, comm_cuser, comm_uuser, comm_delfalg, comm_v1, comm_v2, comm_v3, comm_v4, comm_v5) VALUES ('SYSMM', 'user', 'admin', 'SYSMM007', 'menu', '2021-12-05 01:52:24', '2021-12-05', '2021-12-05', 'admin', 'admin', 'N', null, null, null, null, null);
INSERT INTO quartz.sys_permission_info (sys_id, permission_type, permission_object_id, permission_resource_id, permission_resource_type, permission_time, comm_cdate, comm_udate, comm_cuser, comm_uuser, comm_delfalg, comm_v1, comm_v2, comm_v3, comm_v4, comm_v5) VALUES ('SYSMM', 'user', 'admin', 'SYSMM007001', 'menu', '2021-12-05 01:52:24', '2021-12-05', '2021-12-05', 'admin', 'admin', 'N', null, null, null, null, null);
INSERT INTO quartz.sys_permission_info (sys_id, permission_type, permission_object_id, permission_resource_id, permission_resource_type, permission_time, comm_cdate, comm_udate, comm_cuser, comm_uuser, comm_delfalg, comm_v1, comm_v2, comm_v3, comm_v4, comm_v5) VALUES ('SYSMM', 'user', 'admin', 'SYSMM008', 'menu', '2021-12-05 01:52:24', '2021-12-05', '2021-12-05', 'admin', 'admin', 'N', null, null, null, null, null);
INSERT INTO quartz.sys_permission_info (sys_id, permission_type, permission_object_id, permission_resource_id, permission_resource_type, permission_time, comm_cdate, comm_udate, comm_cuser, comm_uuser, comm_delfalg, comm_v1, comm_v2, comm_v3, comm_v4, comm_v5) VALUES ('SYSMM', 'user', 'admin', 'SYSMM008001', 'menu', '2021-12-05 01:52:24', '2021-12-05', '2021-12-05', 'admin', 'admin', 'N', null, null, null, null, null);
INSERT INTO quartz.sys_permission_info (sys_id, permission_type, permission_object_id, permission_resource_id, permission_resource_type, permission_time, comm_cdate, comm_udate, comm_cuser, comm_uuser, comm_delfalg, comm_v1, comm_v2, comm_v3, comm_v4, comm_v5) VALUES ('SYSMM', 'user', 'admin', 'SYSMM008002', 'menu', '2021-12-05 01:52:24', '2021-12-05', '2021-12-05', 'admin', 'admin', 'N', null, null, null, null, null);
INSERT INTO quartz.sys_permission_info (sys_id, permission_type, permission_object_id, permission_resource_id, permission_resource_type, permission_time, comm_cdate, comm_udate, comm_cuser, comm_uuser, comm_delfalg, comm_v1, comm_v2, comm_v3, comm_v4, comm_v5) VALUES ('PLUGIN', 'role', 'PLUGIN_ADMIN', 'PLUGIN001', 'menu', '2021-12-05 01:52:24', '2021-12-05', '2021-12-05', 'admin', 'admin', 'N', null, null, null, null, null);
INSERT INTO quartz.sys_permission_info (sys_id, permission_type, permission_object_id, permission_resource_id, permission_resource_type, permission_time, comm_cdate, comm_udate, comm_cuser, comm_uuser, comm_delfalg, comm_v1, comm_v2, comm_v3, comm_v4, comm_v5) VALUES ('PLUGIN', 'role', 'PLUGIN_ADMIN', 'PLUGIN002', 'menu', '2021-12-05 01:52:24', '2021-12-05', '2021-12-05', 'admin', 'admin', 'N', null, null, null, null, null);
INSERT INTO quartz.sys_permission_info (sys_id, permission_type, permission_object_id, permission_resource_id, permission_resource_type, permission_time, comm_cdate, comm_udate, comm_cuser, comm_uuser, comm_delfalg, comm_v1, comm_v2, comm_v3, comm_v4, comm_v5) VALUES ('PLUGIN', 'role', 'PLUGIN_ADMIN', 'PLUGIN003', 'menu', '2021-12-05 01:52:24', '2021-12-05', '2021-12-05', 'admin', 'admin', 'N', null, null, null, null, null);
INSERT INTO quartz.sys_permission_info (sys_id, permission_type, permission_object_id, permission_resource_id, permission_resource_type, permission_time, comm_cdate, comm_udate, comm_cuser, comm_uuser, comm_delfalg, comm_v1, comm_v2, comm_v3, comm_v4, comm_v5) VALUES ('PLUGIN', 'role', 'PLUGIN_ADMIN', 'PLUGIN004', 'menu', '2021-12-05 01:52:24', '2021-12-05', '2021-12-05', 'admin', 'admin', 'N', null, null, null, null, null);
INSERT INTO quartz.sys_permission_info (sys_id, permission_type, permission_object_id, permission_resource_id, permission_resource_type, permission_time, comm_cdate, comm_udate, comm_cuser, comm_uuser, comm_delfalg, comm_v1, comm_v2, comm_v3, comm_v4, comm_v5) VALUES ('PLUGIN', 'role', 'PLUGIN_ADMIN', 'PLUGIN005', 'menu', '2021-12-05 01:52:24', '2021-12-05', '2021-12-05', 'admin', 'admin', 'N', null, null, null, null, null);
INSERT INTO quartz.sys_permission_info (sys_id, permission_type, permission_object_id, permission_resource_id, permission_resource_type, permission_time, comm_cdate, comm_udate, comm_cuser, comm_uuser, comm_delfalg, comm_v1, comm_v2, comm_v3, comm_v4, comm_v5) VALUES ('PLUGIN', 'role', 'PLUGIN_ADMIN', 'PLUGIN006', 'menu', '2021-12-05 01:52:24', '2021-12-05', '2021-12-05', 'admin', 'admin', 'N', null, null, null, null, null);
INSERT INTO quartz.sys_permission_info (sys_id, permission_type, permission_object_id, permission_resource_id, permission_resource_type, permission_time, comm_cdate, comm_udate, comm_cuser, comm_uuser, comm_delfalg, comm_v1, comm_v2, comm_v3, comm_v4, comm_v5) VALUES ('PLUGIN', 'role', 'PLUGIN_ADMIN', 'PLUGIN007', 'menu', '2021-12-05 01:52:24', '2021-12-05', '2021-12-05', 'admin', 'admin', 'N', null, null, null, null, null);
INSERT INTO quartz.sys_permission_info (sys_id, permission_type, permission_object_id, permission_resource_id, permission_resource_type, permission_time, comm_cdate, comm_udate, comm_cuser, comm_uuser, comm_delfalg, comm_v1, comm_v2, comm_v3, comm_v4, comm_v5) VALUES ('PLUGIN', 'user', 'admin', 'PLUGIN001', 'menu', '2021-12-05 01:52:24', '2021-12-05', '2021-12-05', 'admin', 'admin', 'N', null, null, null, null, null);
INSERT INTO quartz.sys_permission_info (sys_id, permission_type, permission_object_id, permission_resource_id, permission_resource_type, permission_time, comm_cdate, comm_udate, comm_cuser, comm_uuser, comm_delfalg, comm_v1, comm_v2, comm_v3, comm_v4, comm_v5) VALUES ('PLUGIN', 'user', 'admin', 'PLUGIN002', 'menu', '2021-12-05 01:52:24', '2021-12-05', '2021-12-05', 'admin', 'admin', 'N', null, null, null, null, null);
INSERT INTO quartz.sys_permission_info (sys_id, permission_type, permission_object_id, permission_resource_id, permission_resource_type, permission_time, comm_cdate, comm_udate, comm_cuser, comm_uuser, comm_delfalg, comm_v1, comm_v2, comm_v3, comm_v4, comm_v5) VALUES ('PLUGIN', 'user', 'admin', 'PLUGIN003', 'menu', '2021-12-05 01:52:24', '2021-12-05', '2021-12-05', 'admin', 'admin', 'N', null, null, null, null, null);
INSERT INTO quartz.sys_permission_info (sys_id, permission_type, permission_object_id, permission_resource_id, permission_resource_type, permission_time, comm_cdate, comm_udate, comm_cuser, comm_uuser, comm_delfalg, comm_v1, comm_v2, comm_v3, comm_v4, comm_v5) VALUES ('PLUGIN', 'user', 'admin', 'PLUGIN004', 'menu', '2021-12-05 01:52:24', '2021-12-05', '2021-12-05', 'admin', 'admin', 'N', null, null, null, null, null);
INSERT INTO quartz.sys_permission_info (sys_id, permission_type, permission_object_id, permission_resource_id, permission_resource_type, permission_time, comm_cdate, comm_udate, comm_cuser, comm_uuser, comm_delfalg, comm_v1, comm_v2, comm_v3, comm_v4, comm_v5) VALUES ('PLUGIN', 'user', 'admin', 'PLUGIN005', 'menu', '2021-12-05 01:52:24', '2021-12-05', '2021-12-05', 'admin', 'admin', 'N', null, null, null, null, null);
INSERT INTO quartz.sys_permission_info (sys_id, permission_type, permission_object_id, permission_resource_id, permission_resource_type, permission_time, comm_cdate, comm_udate, comm_cuser, comm_uuser, comm_delfalg, comm_v1, comm_v2, comm_v3, comm_v4, comm_v5) VALUES ('PLUGIN', 'user', 'admin', 'PLUGIN006', 'menu', '2021-12-05 01:52:24', '2021-12-05', '2021-12-05', 'admin', 'admin', 'N', null, null, null, null, null);
INSERT INTO quartz.sys_permission_info (sys_id, permission_type, permission_object_id, permission_resource_id, permission_resource_type, permission_time, comm_cdate, comm_udate, comm_cuser, comm_uuser, comm_delfalg, comm_v1, comm_v2, comm_v3, comm_v4, comm_v5) VALUES ('PLUGIN', 'user', 'admin', 'PLUGIN007', 'menu', '2021-12-05 01:52:24', '2021-12-05', '2021-12-05', 'admin', 'admin', 'N', null, null, null, null, null);
INSERT INTO quartz.sys_permission_info (sys_id, permission_type, permission_object_id, permission_resource_id, permission_resource_type, permission_time, comm_cdate, comm_udate, comm_cuser, comm_uuser, comm_delfalg, comm_v1, comm_v2, comm_v3, comm_v4, comm_v5) VALUES ('PLUGIN', 'user', 'admin', 'PLUGIN_ADMIN', 'role', '2021-12-05 01:52:24', '2021-12-05', '2021-12-05', 'admin', 'admin', 'N', null, null, null, null, null);
INSERT INTO quartz.sys_permission_info (sys_id, permission_type, permission_object_id, permission_resource_id, permission_resource_type, permission_time, comm_cdate, comm_udate, comm_cuser, comm_uuser, comm_delfalg, comm_v1, comm_v2, comm_v3, comm_v4, comm_v5) VALUES ('SYSMM', 'user', 'admin', 'SYSMM_ADMIN', 'role', '2021-12-05 01:52:24', '2021-12-05', '2021-12-05', 'admin', 'admin', 'N', null, null, null, null, null);